{"cameraMode":{"drawMode":0,"name":"Shaded","section":"Shading Mode"},"sceneLighting":false,"audioPlay":false,"sceneViewState":{"m_AlwaysRefresh":false,"showFog":true,"showSkybox":true,"showFlares":true,"showImageEffects":true,"showParticleSystems":true,"showVisualEffectGraphs":true,"m_FxEnabled":true},"in2DMode":false,"pivot":{"x":300.60028076171877,"y":359.35491943359377,"z":-175.48825073242188},"rotation":{"x":0.21928071975708009,"y":-0.05379067361354828,"z":0.012314295396208763,"w":0.9741951823234558},"size":216.22999572753907,"orthographic":false}